Judul,Aktual,Deskripsi,Rubrik,Tag,Cossine Rekomend,Jaccard Recommned,MAE_Cos,MAE_Jac,MAE_Cos2,MAE_Jac2
"Jelang KTT G20, Menko Luhut Resmikan PLTS Terapung Milik PLN di Bali","[1, 2, 3, 4, 5]",jelang ktt g menko luhut resmi plts apung milik pln bal menteri koordinator bidang maritim investasi luhut binsar pandjaitan resmi bangkit listrik tenaga surya plts apung waduk muara nusa milik pln group bangkit bas energi baru baru ebt kapasitas kilowattpeak kwp bakal dukung andal pasok listrik konferensi tingkat tinggi ktt g inovasi sebut rupa salah satu program transformasi pln guna teknologi sistem digital monitor kelola pasok energi listrik sesuai butuh beban plts apung energi baru baru pln,Nasional,"plts terapung, energi baru terbarukan, PLN","[3, 5, 4, 1, 7]",[3 5 4 7 1],1,1,1,1
PLN Berhasil Reduksi 32 Juta Metrik Ton Emisi Karbon di Tahun 2022,"[0, 2, 3, 4, 5]",pln hasil reduksi juta metrik ton emisi karbon tahun pt pln persero hasil kurang juta metrik ton emisi karbon gas rumah kaca panjang sampai direktur utama pln darmawan prasodjo decarbonizing energy sector for net zero indonesia pavillion cop langsung mesir senin november darmawan tahun pt pln persero hasil reduksi juta metric ton emisi c ini lampau target ndc capai sebut pt pln persero laku dekat holistic yakni tambah kapasitas bangkit energi baru ebt reduksi emisi karbon pln,Nasional,"reduksi, emisi karbon, PLN","[5, 4, 0, 3, 7]",[ 5  4  3  0 50],1,1,1,1
Instalasi PLN Dua Pekon di Suoh Masuk Roadmap PLN 2023,"[0, 1, 3, 4, 5]",instalasi pln pekon suoh masuk roadmap pln pasang instalasi listrik pekon roworejo sidorejo camat suoh lampung barat masuk roadmap pln tahun sebut sampai bupati lampung barat parosil mabsus sampai jawab perintah pandang umum fraksi bahas rapbd ruang sidang marghasana rabu november parosil dasar atur perintah nomor selenggara lindung kelola lingkung hidup rencana usaha danatau giat dampak lingkung hidup wajib milik amdal uklupl sppl rencana usaha danatau giat lokasi ada dalam kawasan hutan lindung liput rencana usaha danatau giat dapat laku sesuai tentu atur perundangundangan roadmap instalasi listrik jaring pln,Nasional,"roadmap, instalasi, listrik, jaringan, PLN","[40, 52, 3, 0, 48]",[52 48 40 32  1],3,4,9,16
"Jelang KTT G20, PLN Pamerkan Dua PLTS dan 33 PV Rooftop di Bali","[0, 1, 2, 4, 5]",jelang ktt g pln pamer plts pv rooftop bal pt pln persero operasi proyek bangkit listrik tenaga surya plts solar photovoltaic pv rooftop plts atap lokasi gedung pln grup jadi bagi showcase transisi energi temu konferensi tingkat tinggi ktt g bal rupa wujud komitmen indonesia selenggara tinggi temu g pasok energi bersih gubernur bal i wayan koster apresiasi langkah pln laku transisi energi lebih bersih plts g pln,Nasional,"plts, g20, PLN","[0, 5, 4, 1, 2]",[ 4  5  0  1 19],0,1,0,1
"Jaga Pasokan Listrik KTT G20, PLN Operasikan PLTG Relokasi Dari Grati ke Bali","[0, 1, 2, 3, 5]",jaga pasok listrik ktt g pln operasi pltg relokasi grati bal pt pln persero resmi operasi relokasi bangkit listrik tenaga gas pltg grati x megawatt mw jawa timur sanggar bal relokasi bangkit listrik laku kuat andal pasok listrik bal jadi tuan rumah konferensi tingkat tinggi ktt g resmi relokasi pltg grati laksana nusa bal selasa novermber direktur utama pln darmawan prasodjo kata upaya selesai relokasi laku kerja keras insan pln pasti andal pasok listrik ktt g pltg g pasok listrik pln,Nasional,"pltg, g20, pasokan listrik, PLN","[3, 5, 0, 1, 44]",[ 3  5  0  1 44],1,1,1,1
"Mirota Kampus Buka Lowongan Kerja Bagian Operator Moulding, Simak Persyaratannya","[7, 8, 9, 10, 11]",mirota kampus buka lowong kerja bagi operator moulding simak syarat kalian lulus ds jurus teknik informatikateknik komputer sedang cari kerja simak lowong kerja ikut saat pt mirota nayan sedang buka lowong kerja posisi operator moulding pt mirota sendiri rupa usaha orang diri tahun bapak ibu hendro sutikno kualifikasi lowong kerja mirota kampus lakilaki usia maksimal tahun didik minimal ds jurus teknik informatikateknik komputer milik alam minimal tahun bidang sama informasi kena lowong kerja pt mirota nayan opertor moulding pt mirota nayan mirota kampus lowong kerja,Lowongan kerja,"opertor moulding, PT. Mirota Nayan, Mirota Kampus, Lowongan Kerja","[9, 8, 7, 11, 32]",[ 9  8  7 11 32],1,1,1,1
"BRI Kembali Buka Program Management Trainee, BRILiaN Future Leader Program","[6, 8, 9, 10, 11]",bri buka program management trainee brilian future leader program pt bank rakyat indonesia persero tbk bri terus orientasi tumbuh lanjut salah satu lalu kembang teknologi digital dukung sumber daya manusia sdm unggul program management trainee tuju lulus baru akan nyaring kandidatkandidat pimpin masa depan bri group daftar bflp bri group buka mulai tanggal hingga november posisi bflp general bflp it adapun kualifikasi umum harus penuh lowong kerja bri yakni lulus s batas usia tahun milik ipk minimal untuk lulus s batas usia tahun milik ipk minimal agus tekan program rekrutmen laku bri mungut biaya mulai awal hingga akhir program gratis bflp feature leader human capital bbri rekrutmen bri lowong kerja,Ekonomi Bisnis,"bflp, feature leader, human capital, bbri, rekrutmen, bri, lowongan kerja","[9, 11, 6, 39, 0]",[ 9  6 11 39  5],2,2,4,4
"PT Petrolindo Megah Perkasa Buka Lowongan Kerja Bagi Lulusan D3, Simak Persyaratannya","[6, 7, 9, 10, 11]",pt petrolindo megah perkasa buka lowong kerja lulus d simak syarat kamu lulus d jurus teknik mesinteknik industriteknik elektro sedang cari kerja baik simak lowong kerja ikut pt petrolindo megah perkasa sedang buka lowong kerja posisi tanggung jawab operasional pt petrolindo megah perkasa buah usaha gerak bidang jual sewa rental baik awat parts pompa dewatering slurry usaha ini milik jaring nasional sebar beberapa daerah indonesia loker pt petrolindo pt petrolindo megah perkasa lowong bumn loker bumn lowong kerja,Lowongan kerja,"Loker PT Petrolindo, PT Petrolindo megah perkasa, lowongan bumn, loker bumn, lowongan kerja","[9, 6, 7, 20, 33]",[ 9  6 33  7 20],2,2,4,4
"PT KAI Properti Buka Lowongan Kerja Bagian IT Supervisor, Berikut Ini Persyaratannya","[6, 7, 8, 10, 11]",pt kai properti buka lowong kerja bagi it supervisor ikut syarat kalian lulus s jurus teknik informatikasistem informatika ilmu komputer sedang cari kerja simak lowong kerja ikut ini pt ka properti manajemen sedang buka lowong kerja posisi it supervisor didik minimal s jurus teknik informatikasistem informatika ilmu computer ipk minimal milik alam profesional bidang it programer system analyst minimal tahun usia lamar per desember maksimal tahun informasi kena lowong kerja pt ka properti manajemen moga manfaat loker pt kai loker bumn lowong bumn ptkai lowong kerja,Berita Lainnya,"Loker PT KAI, Loker BUMN, Lowongan BUMN, PT.KAI, Lowongan Kerja","[6, 8, 7, 11, 30]",[ 6  8  7 11 30],1,1,1,1
"Pertumbuhan Angkatan Kerja dan Lowongan Kerja Tak Berimbang, Disnakertrans Mesuji Lirik Alumni SMA dan SMK","[6, 7, 8, 9, 11]",tumbuh angkat kerja lowong kerja tak imbang disnakertrans mesuji lirik alumni sma smk dinas tenaga kerja transmigrasi disnakertrans kabupaten mesuji lirik potensi calon angkat kerja dunia didik kait disnakertrans kabupaten mesuji ada rapat koordinasi ketua musyawarah kerja kepala sekolah mkks sma ketua mkks smk bursa kerja giat dilatarbelakangi tumbuh angkat kerja banding tumbuh lapang kerja lowong kerja tidak imbang menganalisa sebut giat dasar laksana giat mampu ungkit tingkat sempat kerja sasar potensi angkat kerja siswa calon alumni atau alumni sma smk tidak turun tingkat persentasase sempat kerja kabupaten mesuji kait sebut penting variabel duduk usia kerja bagai potensi jadi angkat kerja pemkab mesuji sama mkks sekolah saling dukung beri treatment calon alumni alumni sekolah tumbuh angkat kerja angkat kerja lowong kerja,Mesuji,"Pertumbuhan Angkatan Kerja, angkatan kerja, lowongan kerja","[30, 11, 39, 6, 34]",[11 30 34 39 42],3,4,9,16
"Muncul Dukungan Jokowi Jadi Ketum PDIP 2024, PPD Ikut Beri Komentar","[13, 14, 15, 17, 16]",muncul dukung jokowi jadi tum pdip ppd ikut beri komentar ketua umum awal pancasila damai ppd washinton p situmorang nilai mekanisme pilih kader pdi juang jalan baik patut apresiasi partai telah cetak kaderkader kualitas telah bukti rekam jejak antara bu risma pak ganjar pak azwar anaz masuk pak jokowi lainlain ungkap washinton jumat oktober itu washinton paling bukti mekanisme partai telah jalan baik perlu apresiasi diri sampai nyata sebut kait muncul dukung presiden joko widodo jokowi jadi ketua umum pdip tahun pdi juang pdip jokowi,Politika,"PDI perjuangan, PDIP, Jokowi","[17, 13, 14, 16, 11]",[13 14 17 16 11],1,1,1,1
"Bepesan Agar Golkar Jangan Sembrono Pilih Capres, Jokowi: Silakan Terjemahkan Sendiri...","[12, 14, 15, 16, 17]",bepesan golkar jangan sembrono pilih capres jokowi sila terjemah sendiri harap partai golkar cermat tentu calon presiden calon wakil presiden hadap pilih umum datang presiden joko widodo masuk jokowi sebut tersamapaikan kala diri hadir acara puncak hari ulang tahun partai golkar hall c jiexpo mayor jakarta pusat yakin yakin yakin golkar dengan cermat dengan teliti dengan hatihati sembrono deklarasi calon presiden wakil presiden kata jokowi jakarta jumat oktober malam pantau ingat puncak hut partai golkar hadir jumlah tokoh partai sebut wakil presiden sekaligus mantan tum partai golkar jusuf kalla juga mantan tum partai golkar akbar tanjung dan aburizal bakrie capres golkar jokowi,Politika,"Capres, Golkar, Jokowi","[14, 12, 11, 17, 15]",[14 12 11 15 17],1,1,1,1
Pesan Jokowi Saat Hadiri Acara Puncak HUT ke-58 Partai Golkar: Pilih Capres Jangan Sembrono...,"[12, 13, 15, 16, 17]",pesan jokowi hadir acara puncak hut partai golkar pilih capres jangan sembrono presiden joko widodo minta partai golkar cermat tentu calon presiden calon wakil presiden hadap pilih umum saran jokowi sebut lontar hadir acara puncak hari ulang tahun partai golkar hall c jiexpo mayor jakarta pusat yakin yakin yakin golkar dengan cermat dengan teliti dengan hatihati sembrono deklarasi calon presiden wakil presiden ujar jokowi jakarta jumat oktober malam ingat puncak hut partai golkar hadir jumlah tokoh partai sebut lain wakil presiden sekaligus mantan tum partai golkar jusuf kalla juga mantan tum partai golkar akbar tanjung dan aburizal bakrie capres golkar jokowi,Politika,"Capres, Golkar, Jokowi","[13, 12, 17, 11, 15]",[13 12 11 15 17],1,1,1,1
"Dari Kapolri, Kapolda, Kapolresta dan Kapolres Dipanggil Presiden Jokowi ke Istana Negara Siang Ini","[12, 13, 14, 16, 17]",kapolri kapolda kapolresta kapolres panggil presiden jokowi istana negara siang jajar kapolda kapolres indonesia kumpul presiden joko widodo istana negara jumat oktober siang turut panggil istana kapolri jenderal listyo sigit prabowo juga beberapa jabat utama mabes polri presiden jokowi jadwal beri arah kapolri seluruh jajaranya pukul wib seperti kutip pmjnews kumpul beberapa jabat tinggi polri sudah tulis surat telegram rahasia tr kapolri nomor strxhum tanggal oktober kapolda kapolri jokowi presiden,Berita Utama,"Kapolda, Kapolri, Jokowi, Presiden","[16, 43, 23, 14, 50]",[16 14 12 13 43],3,1,9,1
"Panggil Pejabat Polri Tanpa Ajudan, Begini Penjelasan Jokowi ke Awak Media","[15, 12, 13, 14, 17]",panggil jabat polri ajudan begini jelas jokowi awak media presiden joko widodo jokowi kabar bakal beri arah seluruh jabat polri rencana arah nanti beri presiden beberapa pihak sebut tuang surat telegram rahasia str nomor strchum tanggal rabu oktober edar kalang internal wartawan surat telegram rahasia edar presiden rencana panggil jajar polri ikut arah gelar pukul wib kena seragam dinas tutup kepala tongkat tetapi tahu lebih jelas kait arah apa hendak sampai presiden jokowi para petinggi polisi jokowi kata masyarakat dengar apa nanti akan sampai surat telegram rahasia polri jokowi,Nasional,"Surat Telegram Rahasia, Polri, Jokowi","[15, 23, 45, 18, 47]",[15 12 45 23 47],4,3,16,9
Bareskrim Polri Akan Panggil Petinggi Afi Farma Soal Kasus Gagal Ginjal Akut,"[19, 21, 20, 22, 23]",bareskrim polri panggil petinggi afi farma soal kasus gagal ginjal akut bareskrim polri segera panggil petinggi pt afi farma kait kasus gagal ginjal akut tahu kasus gagal ginjal akut duga asal obat sirup kandung etilen glikol eg dietilen glikol deg produksi pt afi farma bareskrim polri laku periksa pt afi farma pihak bpom temu ada obat sirup sebab gagal ginjal akut temu lalu pihak bpom laku periksa tiga gudang milik pt afi farma penggerebakan polisi sita bahan baku obat kandung eg deg penny dapat obat rupa temu bpom indikasi kandung zat bahaya salah satu dampak gagal ginjal akut obat afi farma sebut diri paracetamol drop sirop kandung cair kimia bahaya lebih ambang batas dapat sebab gagal ginjal akut gagal ginjal akut panggil polri bareskrim polri kasus,Berita Utama,"Gagal Ginjal Akut, Dipanggil, Polri, bareskrim polri, kasus","[21, 22, 19, 20, 23]",[21 19 22 20 23],0,0,0,0
"Begini Modus Perusahaan Pemasok Bahan Baku Sirup yang Sebabkan Kasus Gagal Ginjal Akut, Aksinya Tak Terpuji..","[21, 20, 18, 22, 23]",begini modus usaha pasok bahan baku sirup sebab kasus gagal ginjal akut aksi tak puji bareskrim polri ungkap modus telah laku cv samudra chemical pasok bahan baku obat sirup pt afi farma kasus gagal ginjal akut sebab ratus anak indonesia tinggal dunia karo penmas divisi humas polri brigjen pol ahmad ramadhan jelas hasil lidi temu barang bukti buah drum isi senyawa propilen glikol pg etilen glikol eg duga pes pt afi farma jelas cv samudra chemical duga guna drum label dow palsu kemudian duga guna oplos zat cemar eg sehingga kandung lebih ambang batas telah pakat kasus gagal ginjal akut terus dilidik bareskrim polri usaha periksa yakni cv samudra chemical ini dikarenakanya temu puluh drum isi etilen glikol eg dietilen glikol deg kasus gagal ginjal gagal ginjal akut modus usaha bareskrim polri,Berita utama,"Kasus Gagal Ginjal, Gagal Ginjal Akut, Modus, Perusahaan, Bareskrim Polri","[21, 18, 22, 23, 20]",[21 22 18 23 20],0,0,0,0
"Kasus Gagal Ginjal Akut, Ada Dua Perusahaan Farmasi Dilaporkan ke Bareskrim Polri","[19, 21, 18, 22, 23]",kasus gagal ginjal akut usaha farmasi lapor bareskrim polri badan awas obat makan bpom lapor usaha farmasi bareskrim polri kait langgar atur memgenai kasus gagal ginjal akut anak kepala bpom penny k lukito jelas dua usaha farmasi lapor telah langgar cara buat obat baik cpob tiga usaha gerak bidang farmasi langgar cpob pt yarindo farmatama pt universal pharmaceutical industries pt afi farma kini tiga usaha sedang proses tetap pidana bukti guna bahan baku senyawa kimia lebih ambang batas aman kait rebak sakit gagal ginjal akut anak polisi memenaggil beberapa jabat badan awas obat makan bpom tahu kasus rebak sakit gagal ginjal akut anak polri tengah laku sidi sidi laku polri temu cukup bukti ada duga tindak pidana kasus gagal ginjal akut anak karena bareskrim naik status lidi tahap sidi kasus gagal ginjal gagal ginjal akut lapor usaha bareskrim polri farmasi,Berita Utama,"Kasus Gagal Ginjal, Gagal Ginjal Akut, dilaporkan, perusahaan, bareskrim polri, farmasi","[21, 22, 18, 23, 19]",[21 22 23 18 19],0,0,0,0
Pemasok Bahan Pelarut Sirup yang Diduga Sebabkan Gagal Ginjal Akut Akan Diperiksa Polri,"[19, 20, 18, 22, 23]",pasok bahan larut sirup duga sebab gagal ginjal akut periksa polri kasus gagal ginjal akut terus dilidik bareskrim polri bareskrim polri laku periksa pasok bahan larut obat sirup usaha periksa yakni cv samudra chemical ini dikarenakanya temu puluh drum isi etilen glikol eg dietilen glikol deg usaha pihak bareskrim polri periksa jumlah masyarakat sekitat lokasi juga masuk saksi berinidial e rupa anak milik cv samudra chemical badan awas obat makan bpom lapor usaha farmasi bareskrim polri kait langgar atur memgenai kasus gagal ginjal akut anak kepala bpom penny k lukito jelas usaha farmasi lapor telah langgar cara buat obat baik cpob tiga usaha gerak bidang farmasi langgar cpob pt yarindo farmatama pt universal pharmaceutical industries pt afi farma kini tiga usaha sedang proses tetap pidana bukti guna bahan baku senyawa kimia lebih ambang batas aman tahu kasus rebak sakit gagal ginjal akut anak polri tengah laku sidi sidi laku polri temu cukup bukti ada duga tindak pidana kasus gagal ginjal akut anak karena bareskrim naik status lidi tahap sidi periksa akut gagal ginjal bareskrim polri kasus,Berita Utama,"periksa, akut, gagal ginjal, bareskrim polri, kasus","[20, 19, 18, 23, 22]",[20 19 23 18 22],0,0,0,0
"Siap-siap, Bareskrim Polri Segera Umumkan Tersangka Kasus Gagal Ginjal Akut","[19, 21, 20, 18, 23]",siapsiap bareskrim polri segera umum sangka kasus gagal ginjal akut bareskrim polri segera umum sangka kasus gagal ginjal akut sebab ratus anak tinggal dunia tim sidik gabung bareskrim polri bpom naik status perkara sidi direktur tindak pidana tentu dirtipidter bareskrim polri brigjen pol pipit rismanto kata tingkat status kasus lidi sidi pt afi pharma usaha farmasi pt afi pharma duga produksi sedia farmasi jenis obat sirop kandung etilen glikol eg lebih ambang batas harus mg jelas pt afi pharma produksi sedia obat jenis sirop merk paracetamol obat generik kandung eg lebih abang batas laku uji laboratorium badan awas obat makan bpom mg sidi kasus gagal ginjal sidik polri produsen obat sirop pt afi pharma dua industri farmasi lain temu guna bahan baku propilen glikol lampau ambang batas aman tangan bpom akut sangka gagal ginjal polri bareskrim polri,Berita Utama,"akut, tersangka, gagal ginjal, polri, bareskrim polri","[20, 21, 18, 19, 23]",[20 19 21 18 23],0,0,0,0
5 Hotel Terdekat Dari Pusat Kota Bandar Lampung Dengan Rating Memuaskan,"[25, 27, 28, 26, 29]",hotel dekat pusat kota bandar lampung rating muas buat kalian sedang libur bandar lampung bingung cari hotel dekat kalian tenang beberapa rekomendasi hotel bisa kalian kunjugi pasti dekat pusat kota bandar lampung hotel whiz prime hotel whiz prime salah satu hotel baik dekat pusat kota bandar lampung bisa kalian coba hotel horison lampung hotel horison lampung hotel dua bisa kalian coba libur milik letak ada pusat kota bandar lampung jadi hotel horison salah satu pilih tepat hotel radisson lampung hotel radisson milik letak cukup strategis hubung langsung mall boemi kedaton juga dekat kampus aneka tempat kuliner rumah sakit belleza grand anugerah hotel grand anugerah milik akses cukup dekat bagai tempat kuliner grand cityhub hotel hotel lima ada dekat pusat kota bandar lampung bisa kalian cobaiin ya harga murah banyak promonya dekat mall akses angkut umum bagai leseh kuliner malam pusat kota inap hotel,Ekonomi Bisnis,"Pusat kota, penginapan, hotel","[25, 26, 28, 29, 27]",[25 26 27 28 29],0,0,0,0
"Catat, Ini 6 Hotel di Lampung yang Dekat Dengan Pantai","[26, 24, 27, 28, 29]",catat hotel lampung dekat pantai rasa sangat senang inap hotel dekat objek wisata nikmat suasana pantai indah buat kalian ingin libur sama orang cinta kalian kunjung beberapa rekomendasi hotel ada lampung lengkap wisata libur pantai indah hotel mutiara alam zandino club lebih kenal kru surf camp salah satu hotel lampung letak hadap langsung pantai pesisir indah pukau hotel sartika kru milik jarak sangat dekat bagai wisata libur pantai indah jadi hotel sartika kru layak pilih hotel sunset beach hotel pinggir pantai indah cocok banget buat kalian ingin inap sambil libur wisata pantai hotel tantra lampung dekat wisata libur pantai hotel tantra lampung juga salah satu hotel bintang fasilitas lengkap sangat muas lovina kru surf hotel bintang ada lampung wajib banget kalian pilih libur hotel lovina sangat dekat wisata pantai tanjung setia sangat indah bersih hotel beocean kru hotel beocean kru salah satu hotel paling banyak buru wisatawan kunjung lampung buat kalian tidak suka selancar unjung renang kolam renang ada beocean kru destinasi lampung wisata lampung inap hotel pantai,WISATA & KULINER,"Destinasi lampung, wisata lampung, Penginapan, hotel, pantai","[26, 24, 27, 28, 29]",[24 26 27 28 29],0,0,0,0
"5 Hotel di Lampung dengan Pelayanan Terbaik, Sangat Memuaskan dan Wajib Kalian Coba","[25, 24, 27, 28, 29]",hotel lampung layan baik sangat muas wajib kalian coba sangat senang rasa dapat layan baik inap hotel lampung hotel lampung layan baik sangat muas wajib kalian coba novotel lampung novotel lampung salah satu hotel ada bandar lampung milik layan baik sangat muas amalia hotel amalia hotel lampung selalu komitmen beri puas unjung selalu beri layan baik horison lampung hotel horison lampung milik nilai bersih baik mata masyarakat banyak tamu sudah kunjung beri ulas nilai sangat muas hotel golden tulip springhill hotel golden tulip springhill ada di bandar lampung hasil beri layan baik para unjung batiqa hotel lampung batiqa hotel lampung konsep bistro nuansa hangat hasil bius para tamu layan baik beri layan muas baik hotel,Ekonomi Bisnis,"pelayanan memuaskan, terbaik, hotel","[25, 27, 24, 28, 29]",[27 25 24 29 28],0,0,0,0
5 Hotel di Lampung dengan Pemandangan atau View Terbaik,"[25, 26, 24, 28, 29]",hotel lampung pandang view baik rekomendasi hotel lampung pandang indah sangat pukau mata jadi pilih kalian ingin inap hotel emersia hotel salah satu hotel lampung milik pandang indah sangat pukau novotel lampung novotel lampung milik pesona pandang indah luar bisa bagi unjung inap novotel lampung kalian lihat pesona indah pandang laut biru gunung hotel bukit randu hotel bukit randu salah satu hotel bintang lampung milik pandang indah sangat tawan hati tinggi kurang lebih meter atas muka laut hotel milik pandang indah sudut kota derajat sangat pukau aston lampung city aston lampung city lokasi jl gatot subroto no garuntang teluk betung selatan bandar lampung suguh pandang luar biasa indah sheraton lampung hotel pandang indah milik hotel sheraton asal nuansa hijau pohon kelapa bikin damai rasa tenang ada sana view baik inap hotel,Ekonomi Bisnis,"View Terbaik, penginapan, hotel","[26, 29, 25, 28, 24]",[26 25 29 24 28],0,0,0,0
"7 Hotel Murah di Lampung, Lengkap Dengan Fasilitas Menarik yang Bikin Nyaman","[25, 26, 27, 24, 29]",hotel murah lampung lengkap fasilitas tarik bikin nyaman inap hotel murah lampung jadi pilih tepat kalian ingin lepas penat istirahat nyaman hotel murah lampung lengkap fasilitas tarik bikin unjung nyaman chandra inn hotel harga rp ribu omah akas syariah harga per malam inap kisar rp ribu bintang guest house per malam hanya rp ribu lengkap fasilitas bikin kalian nyaman flip flop hostel lampung mulai harga rp ribu per malam murah banget kan wisma amandari mulai rp an lengkap g hotel syariah g hotel syariah tawar rp ribu per malam kalian bisa rasa nas inap dengan layan baik ramah senang hotel andalas permai hotel andalas permai tawar bagai harga murah kisar rp ribu per malam bandar lampung inap hotel,Ekonomi Bisnis,"bandar lampung, penginapan, hotel","[29, 25, 24, 27, 26]",[29 24 25 27 26],0,0,0,0
UBL Riset Bersama Diskominfotiksan Pemkab Pesawaran,"[31, 32, 33, 34, 35]",ubl riset sama diskominfotiksan pemkab sawar universitas bandar lampung ubl dinas komunikasi informatika sandi kabupaten sawar diskominfotiksan kabpesawaran tengah laku riset sama rancang bangun platform one centre arsitektur teknologi integrasi layan ekosistem data inovasi hasil teliti komputasi tepi layan mikro data tanam tiap opd tingkat mampu bagi pakai data informasi layan publik sudah guna sistem elektronik kabupaten sawar tidak perlu beli sistem baru mahal visualisasi pusat komando yaitu one centre kabupaten sawar unggul inovasi adalah tingkat interoprabilitas data spbe sawar menggangu layan publik sedang jalan dapat akses pusat komando rogram kerjasama sebut laksana mulai bulan juli hingga desember tahun dua tempat di pusat studi teknologi informasi ubl di kota bandar lampung dinas komunikasi informatika sandi kabupaten sawar abdi ubl,Pendidikan,"pengabdian, UBL","[32, 34, 33, 48, 50]",[32 34 33 48 50],2,2,4,4
UBL Gelar Yudisium dan Wisuda Luluskan 631 Mahasiswa,"[30, 32, 33, 34, 35]",ubl gelar yudisium wisuda lulus mahasiswa universitas bandar lampung ubl lepas wisudawan wisudawati diri orang program sarjana s orang pascasarjana s yudisium wisuda convention hall mahligai agung pascasarjana ubl kamis november yudisium wisuda periode ganjil tahun ajar sebut langsung sesi mulai pukul wib wib giat yudisium wisuda sebut hadir langsung kepala lembaga layan didik tinggi wilayah ii prof dr iskhaq iskandar msc asisten bidang administrasi umum provinsi lampung senen mustakim ketua yayasan administrasi lampung anggota senat civitas akademik ubl orang tua serta keluarga wisudawan rektor ubl prof dr ir h m yusuf s barusman mba ucap selamat wisudawan wisudawati atas hasil dalam selesai studi ubl raih gelar sarjana magister lulus ubl wisudah ubl,Pendidikan,"Lulusan UBL, Wisudah, UBL","[35, 32, 48, 30, 34]",[35 32 34 48 30],1,1,1,1
"Melalui Matching Fund, UBL Riset Bersama PT Angkasa Wiratama","[30, 31, 33, 34, 35]",lalu matching fund ubl riset sama pt angkasa wiratama universitas bandar lampung ubl pt angkasa wiratama indonesia laku riset sama rancang perangkat analisa monitoring skateboard bas internet of things program kerjasama sebut laksana mulai juli hingga desember tahun datang dua tempat laboratorium mekatronika ubl kota bandar lampung pusat riset ptangkasa wiratama indonesia kota tanggerang ptangkasa wiratama indonesia rupa buah usaha kota tangerang fokus di bidang produksi skateboard lengkap riset kembang skateboard liput material integrasi teknologi kini giat riset sama fasilitas hibah dana matching fund kedaireka tahun giat teliti ikut orang dosen orang mahasiswa ikut giat program mbkm merdeka ajar kampus merdeka ubl riset pt angkasa wiratama,Pendidikan,"UBL, Riset, PT Angkasa Wiratama","[34, 33, 30, 31, 6]",[34 33 30 31  6],1,1,1,1
"Melalui Program Matching Fund, UBL Riset Bersama GMF Aero Asia ","[30, 31, 32, 34, 35]",lalu program matching fund ubl riset sama gmf aero asia universitas bandar lampung jalin kerjasama pt garuda maintenance facility gmf aero asia rancang robot pandu otomatis automatic guided vehicleagv awat pesawat terbang pt gmf aero asia rupa anak usaha garuda indonesia milik bisnis jasa awat baik periksa pesawat terbang ada riset sama buat robot pandu otomatis automatic guided vehicleagv giat riset sama sebut rancang bangun agv sebut sedang laksana laboratorium mekatronika ubl kota bandar lampung pusat awat pesawat terbang pusat awat pesawat terbang pt gmf aero asia area bandara internasional sukarnohatta kota tangerang ubl riset gmf aero asia,Pendidikan,"UBL, Riset, GMF Aero Asia","[34, 32, 30, 23, 35]",[34 32 30 24 35],1,1,1,1
UBL Riset Bersama PRTRRB - BRIN Rancang Bangun Mesin Pengemasan Otomatis Obat Radiofarmaka,"[30, 31, 32, 33, 35]",ubl riset sama prtrrb brin rancang bangun mesin emas otomatis obat radiofarmaka universitas bandar lampung ubl pusat riset teknologi radioisotop radiofarmaka biodosimetri prtrrb badan riset inovasi nasional brin ada riset sama rancang bangun mesin emas otomatis obat radiofarmaka smedtmp terapi paliatif kanker tulang riset sama sebut laksana laboratorium mekatronika universitas bandar lampung kota bandar lampung laboratorium teknologi radioisotop radiofarmaka biodosimetri brin serpong tangerang selatan giat riset sama fasilitas hibah dana matching fund kedaireka tahun kepala pusat riset teknologi radioisotop radiofarmaka biodosimetri prtrrb badan riset inovasi nasional brin tita puspitasari brin sambut baik kerjasama universitas bandar lampung ubl harap hasil riset dapat manfaat tingkat produksi samariumedtmp riset ubl,Pendidikan,"Riset, UBL","[32, 33, 30, 35, 31]",[32 33 30 35 31],0,0,0,0
Hyundai STARGAZER Resmi Hadir di Lampung,"[37, 38, 39, 40, 41]",hyundai stargazer resmi hadir lampung hyundai stargazer kini resmi hadir lampung produk baru hyundai sebut pamer pt shinari putra kencana selaku dealer resmi mobil hyundai lampung produk belum telah resmi luncur pt hyundai motors indonesia hmid hari pertama helat gaikindo indonesia international auto show giias hyundai stargazer tahu jadi kendara empat produksi lokal pabrik hyundai motor deltamas cikarang jawa barat mpv harap jadi tolak ukur baru kelas berkat tampil mikat interior lapang sesuai butuh masyarakat hmdi mobil baru dealer lampung hyundai stargazer gaikindo hyundai,Otomotif,"hmdi, mobil terbaru, dealer lampung, hyundai stargazer, gaikindo, hyundai","[39, 38, 41, 37, 40]",[39 41 37 38 40],0,0,0,0
"Test Drive Hyundai Stargazer, Intip Kenyamanan dan Fitur Canggihnya!","[36, 38, 39, 40, 41]",test drive hyundai stargazer intip nyaman fitur canggih pt hyundai motors indonesia hmid hadir hyundai stargazer digadanggadang bintang baru keluarga indonesia kali jurnalis radar lampung beberapa jurnalis lampung beri sempat test drive hyundai stargazer tipe prime warna merah keliling kota bandar lampung jalan stargazer mampu jadi pilih kendara rasa langsung unggul stargazer segi performa akselerasi nyaman kendara mobil stargazer lihat stylish sporty utama bagi lampu depan horizontal drl buat mobil lihat gagah bocor hyindai stargazer baru stargazer test drive hyundai,Ekonomi Bisnis,"bocoran hyindai stargazer terbaru, stargazer, test drive, hyundai","[38, 36, 39, 40, 29]",[38 36 39 41 29],1,1,1,1
Hyundai Beri Kesempatan Dapat Tiket Piala Dunia 2022,"[37, 36, 39, 40, 41]",hyundai beri sempat tiket piala dunia hyundai beri sempat konsumen dapat tiket final piala dunia qatar dapat sempat konsumen perlu laku mesan unit hyundai stargazer baru luncur agustus nanti konsumen laku mesan unit hyundai stargazer dapat sempat ikut undi hadiah tiket final piala dunia qatar tiket sebut beri tiga menang untung masingmasing menang dapat tiket tahu hyundai stargazer hadir empat varian active trend style prime kendara banderol otr mulai rp juta tipe rendah rp juta tipe tinggi produk baru selain hadir fitur bluelink hyundai semat agam fitur unggul hyundai stargazer tiket final piala dunia hyundai mobil listrik mobil,Ekonomi Bisnis,"tiket final piala dunia, hyundai, mobil listrik, mobil","[37, 36, 40, 39, 41]",[37 36 40 39 30],0,1,0,1
"Intip Yuk, 43 Unit Hyundai Ramaikan GIIAS 2022","[37, 36, 38, 40, 41]",intip yuk unit hyundai ramai giias banyak unit produk usung hyundai motors indonesia ajang gaikindo indonesia international auto show giias unit kendara diri semua line up produk hyundai mulai stargazer creta ioniq new palisade santa fee staria tak hadir line up produk ajang giias kali hyundai bagai program milik hasil kerja sama hyundai dukung giat ramah lingkung woojune cha selaku presiden direktur pt hyundai motors indonesia kata hyundai tak usaha di bidang otomotif juga jadi sedia mobilitas beri alam makna masyarakat luas hyundai pernah henti cipta inovasi kolaborasi masa depan hadir semua line up hyundai juga akan tampil bagai produk layan hingga area interaktif orientasi masa depan promo hyundai giias hyundai,Ekonomi Bisnis,"Promo hyundai, giias 2022, hyundai","[36, 37, 7, 38, 53]",[36 37  7 32 41],2,2,4,4
"Jajal Mobil Listrik Hyundai, Bupati Tanggamus : Solusi Mengurangi konsumsi BBM","[37, 36, 39, 38, 41]",jajal mobil listrik hyundai bupati tanggamus solusi kurang konsumsi bbm pakai mobil listrik jadi salah satu solusi kurang guna bahan bakar minyak bbm sampai bupati tanggamus dewi handayani coba langsung mobil listrik produk hyundai rabu sempat dewi handayani kendara setir langsung mobil listrik sebut damping pihak hyundai jumlah jabat bupati kendara mobil listrik putar keliling jalan komplek kantor pemkab tempat usai kendara mobil testimoninya bupati kata kendara mobil listrik asa berat pengoprasionalannya mudah karena ini rupa salah satu solusi kurang guna bbm dapat jaga lingkung bisa lebih sehat tidak polusi udara ungkap dewi handayani bupati tanggamus dewi handajani hyundai bbm mobil listrik,Tanggamus,"Bupati tanggamus, dewi handajani, hyundai, bbm, mobil listrik","[37, 38, 54, 2, 30]",[54 38 37 18 16],3,3,9,9
"Pasca Kerusuhan Kanjuruhan, Polri Susun Aturan Pengamanan Sepakbola","[43, 44, 45, 46, 47]",pasca rusuh kanjuruhan polri susun atur aman sepakbola pasca rusuh jadi kanjuruhan arema fc vs baya polri susun aman tanding sepakbola akibat rusuh sebut ada orang tinggal dunia ini buat polri baharu regulasi aman sepakbola wakil komandan korps brimob wadankorbrimob polri irjen pol setyo boedi moempoeni harso aku susun atur kapolri kap dasar laku tugas aman tanding sepakbola indonesia atur buat bentuk evaluasi atas jadi tragedi kanjuruhan kabupaten malang jawa timur beberapa waktu lalu atur aman sepakbola atur sepakbola kap tragedi kanjuruhan polri,Berita Utama,"aturan pengamanan sepakbola, aturan sepakbola, perkap, tragedi kanjuruhan, polri","[43, 47, 45, 44, 46]",[47 43 44 45 46],0,0,0,0
"Ingin Keadilan, Tersangka Insiden Kanjuruhan Bantah Kunci Pintu Stadion dan Desak Polisi Buka CCTV","[42, 44, 45, 46, 47]",adil sangka insiden kanjuruhan bantah kunci pintu stadion desak polisi buka cctv security officer stadion kanjuruhan malang jawa timur suko sutrisno aku tak pernah perintah tutup pintu stadion rusuh kanjuruhan oktober suko sutrisno kini tetap jadi sangka sama orang lain desak polisi bongkar rekam cctv bukti sebut tetap suko sutrisno sangka ungkap langsung kapolri jenderal listyo sigit prabowo tetap security officer stadion kanjuruhan malang bagai sangka juga duga tak lepas perintah steward tanding arema fc vs baya tinggal gerbang mereka jaga padahal steward tanding harus di posisi masingmasing bisa buka pintu keluar stadion kanjuruhan maksimal sangka kanjuruhan kanjuruhan tragedi kanjuruhan stadion kanjuruhan,Berita Utama,"tersangka kanjuruhan, kanjuruhan, tragedi kanjuruhan, stadion kanjuruhan","[46, 42, 47, 44, 45]",[46 42 47 44 45],0,0,0,0
Lima Tersangka Tragedi Stadion Kanjuruhan Kembali Diperiksa Hari Ini di Polda Jatim,"[42, 43, 45, 47, 46]",lima sangka tragedi stadion kanjuruhan periksa hari polda jatim polri kembali laku periksa lima enam orang sangka tragedi stadion kanjuruhan periksa lima orang sangka akan laku di mapolda jawa timur selasa oktober kepala divisi humas polri irjen pol dedi prasetyo kata sidik kini layang surat panggil ke enam sangka yang jalan periksa lima orang sangka telah tetap sangka enam langsung jalan periksa hari sidik laku periksa lanjut rangka tuntas perkara sebut dalam peranperan sangka tragedi kanjuruhan arema sangka malang jawa timur,Hukum kriminal,"Tragedi Kanjuruhan, Arema, tersangka, Malang, Jawa timur","[47, 46, 43, 42, 45]",[47 43 46 42 45],0,0,0,0
"Besok PSSI dan PT LIB Dipanggil TGIPF Tragedi Kanjuruhan, Berikut Ini Bocoran yang Bakal Diklarifikasi","[44, 46, 42, 43, 47]",besok pssi pt lib panggil tgipf tragedi kanjuruhan ikut bocor bakal klarifikasi penting klarifikasi pssi pt lib bakal periksa tim gabung independen cari fakta tgipf tragedi kanjuruhan panggil pssi pt lib laku selasa oktober besok pssi panggil besok jumlah pihak kait ini semua kita akan klarifikasi sebut anggota tgipf tragedi kanjuruhan rhenald kasali jakarta senin oktober tak pssi rhenald tgipf akan panggil pt liga indonesia lib bahkan pihak pun bakal periksa khusus atur tanding arema fc vs baya gelar malam hari tgipf tragedi kanjuruhan pssi,Sport,"tgipf, tragedi kanjuruhan, pssi","[42, 44, 23, 43, 16]",[42 44 23 43 16],2,2,4,4
"6 Orang Ditetapkan Tersangka Tragedi Kanjuruhan, Berikut Peran Masing-masing Mereka","[44, 42, 43, 45, 47]",orang tetap sangka tragedi kanjuruhan ikut peran masingmasing orang sangka tetap sangka tragedi stadion kanjuruhan malang jawa timur sabtu pekan lalu tewas orang supporter orang telah tetap sangka antara tiga orang warga sipil tiga lain unsur pihak polisi orang warga sipil tetap sangka yakni direktur utama lib ahmad hadian lukita ketua panitia laksana arema malang abdul haris security officer steward suko sutrisno sangka lain polisi kabag ops polres malang kompol wahyu setyo pranoto kasat samapta polres malang akp bambang sidik achmadi komandan kompi danki brimob polda jatim inisial akp hasdarman tragedi kanjuruhan peran sangka sangka arema malang baya,Berita Utama,"tragedi kanjuruhan, peran tersangka, 6 tersangka, arema, malang , persebaya","[43, 44, 42, 47, 45]",[43 44 42 47 45],0,0,0,0
"Pemerintah Rencanakan Penghentian Siaran TV Analog Per Hari Ini, Masyarakat Diharap Bersiap","[49, 50, 51, 52, 53]",perintah rencana henti siar tv analog per hari masyarakat harap siap per hari november perintah pusat sama menteri komunikasi informasi kominfo rencana mengentikan siar tv analog alih siar digital karena perintah provinsi lampung minta masyarakat siap kepala dinas komunikasi informasi statistik diskominfotik provinsi lampung ganjar jationo sebut saat provinsi lampung tunggu terap alih siar tv analog siar tv digital bagi langsung kirim rumah keluarga miskin masingmasing syarat masuk data dtks milik televisi masuk wilayah telah alih layan siar tv digital ganjar sebut memang per november siar tv analog itu sudah akses masyarakat bisa langsung coba beli stb tv analog tv digital salur tv digital kemenkominfo,Provensi,"tv analog, tv digital, saluran tv digital, kemenkominfo","[52, 50, 53, 49, 30]",[52 50 53 49 30],1,1,1,1
"Modal Uang Rp 50 Ribu, Ternyata Sudah Bisa Nonton Saluran TV Digital Bareng Keluarga, Simak Caranya","[48, 50, 51, 52, 53]",modal uang rp ribu nyata bisa nonton salur tv digital bareng keluarga simak cara orang teknisi elektronik bagi alam ia tonton salur tv digital rumah modal ribu orang teknisi nama marta an lalu salur youtubenya kata perlu repot beli set top box stb mahal tonton siar tv digital indonesia transmisi televisi analog hapus perintah distribusi stb masyarakat kurang mampu bagi belum bagi perangkat stb sederhana rumah langkah pertama beli modul stb jual toko elektronik toko online harga modul stb jual rp ribu cukup jangkau hanya modul lanjut buat lembar triplek ukur modul stb kemudian lem modul stb rekat satu unit modul stb sederhana beli harga rp ribu kemudian sambung tv biasa tv tabung guna kabel rca kemudian guna antena belum hubung modul stb tangkap siar tv digital tv analog tv digital set top box,Berita Utama,"tv analog, tv digital, set top box","[50, 52, 53, 48, 51]",[50 52 53 48 51],0,0,0,0
"Ini Jadwal Penghentian Siaran TV Analog ASO Di Seluruh Indonesia, dan Cara Penggunaan TV Digital Pakai STB","[48, 49, 51, 53, 52]",jadwal henti siar tv analog aso seluruh indonesia cara guna tv digital pakai stb ini jadwal henti tv analog seluruh indonesia tahap cara guna tv digital pakai stb kominfo laku henti tv analog sejak oktober bagi wilayah jakarta bogor depok tangerang bekas jabodetabek kemudian henti siar tv analog seluruh dunia jadwal laku tahap sejak tanggal november sesuai undangundang no tahun cipta kerja henti siar televisi analog kenal analog switch off aso pertama wilayah sebut dapat siar tv analog akan henti siar dua siar tv digital operasi cakup tv analog ganti yang akhir sudah laku bagi bantu set top box stb bagi rumah yang tidak mampu wilayah sebut henti salur tv analog tv analog tv digital,Berita Utama,"penghentian saluran tv analog, tv analog, tv digital","[53, 52, 49, 48, 51]",[53 52 49 48 51],0,0,0,0
10 Merk Set Top Box Terbaik Untuk Tv Digital Resmi Bersertifikat Kominfo,"[52, 49, 48, 53, 50]",merk set top box baik tv digital resmi sertifikat kominfo kamu sedang cari informasi set top box stb rekomendasi pakai rumah yuk cek sini tahu informasi kait set top box stb kualitas bisa buat nyaman tonton tv tahu set top box fungsi tangkap sinyal siar tv digital set top box pasang tv belum dukung standar siar digital baik tv tabung maupun layar datar merk set top box stb sertifikat kominfo nexmedia nadvbt mpeg hd polytron pdv t ichiko hd akar ads ads ads venus brio tanaka t matrix apple evercross stbi nextron ntd tr evinix h sertifikat merek tv digital set top box kominfo,Berita Utama,"bersertifikat, merek, tv digital, set top box, kominfo","[49, 50, 52, 53, 48]",[49 52 50 48 53],0,0,0,0
WhatsApp ke Nomor Ini Biar Kamu Bisa Dapat Set Top Box Gratis,"[49, 48, 51, 50, 53]",whatsapp nomor biar kamu dapat set top box gratis rasa masuk dalam golong masyarakat tak mampu perintah tahu buat program bagi bantu set top box gratis lalu menteri kominfo kini tahu masyarakat alih siar tv analog siar tv digital rupa amanat undangundang cipta kerja ini dapat uu cipta kerja pasal nomor sebut batas akhir henti siar televisi analog analog switch aso paling lambat tahun sejak undang dapat bantu upa set top box gratis bisa aju diri hubung posko diri menteri kominfo bisa datang posko respon cepat tangan bantu set top box bawa ktp kartu tanda duduk kk kartu keluarga yang asli himpun radarlampungcoid laman publikasi menteri komunikasi informasi rabu november anda bisa hubung nomor telepon chat bot whatsapp nomor aju diri terima bantu set top box gratis uu cipta kerja siar tv analog siar tv digital stb set top box harga set top box gratis whatsapp perintah,Berita Utama,"159, uu cipta kerja, siaran tv analog, siaran tv digital, stb, set top box, harga set top box, gratis, whatsapp, pemerintah","[50, 53, 48, 49, 51]",[50 53 48 49 51],0,0,0,0
Oknum Jaksa di Lampung Utara Tersangka Kepemilikan 200 Butir Pil Alfarozolam,"[55, 56, 57, 58, 59]",oknum jaksa lampung utara sangka milik butir pil alfarozolam oknum jaksa jalan periksa sat narkoba polres lampung utara lampura atas milik butir pil psikotropika golong banyak butir merek alfarozolam akhir polres tempat buka suara oknum inisial cr tetap sangka atas milik barang larang sebut turut satnarkoba sudah jalan rangkai periksa cr atas milik butir psikotropika golong bahkan diri sita barang bukti guna laku dalam lebih lanjut kata untuk sangka sendiri pihak laku tahan itu karena sangkut koperatif dalam obat ini pihak satnarkoba polres lampura laku panggil mes lain sang oknum jaksa kejar kotabumi kejar kotabumi oknum jaksa narkotika narkoba,Lmpung Utara,"Kejari Kotabumi, oknum jaksa, narkotika, narkoba","[59, 55, 44, 57, 56]",[59 55 44 56 18],1,2,1,4
"Polisi Gagalkan Upaya Penyeludupan Psikotropika di Rutan, Begini Modusnya","[56, 57, 54, 58, 59]",polisi gagal upaya seludup psikotropika rutan begini modus upaya seludup psikotropika obatobatan larang salah satu narapidana napi rutan kelas ii b menggala hasil gagal satu reserse narkoba satresnarkoba polres tulang bawang kasatres narkoba polres tulang bawang akp aris satrio sujatmiko kata peristiwa sebut mula nl tibatiba dapat paket antar langsung orang kurir jasa kirim rumah laku anthony inka fedora warga desa kurung nyawa kecamataan gedong tata kabupaten sawar rupa narapidana kasus narkotika kasus polisi sita barang bukti bb butir pil alprazolam butir pil riklona clonazepam satu butir pil calmlet alprazolam dua unit handphone hp android merek oppo warna putih iphone tugas dapat informasi ada transaksi narkotika jenis sabu buah rumah ada umbul kemiling tugas lalu laku gerebek hasil tangkap laku napi rutan narkoba,Berita Utama,"napi, rutan, narkoba","[59, 58, 54, 57, 18]",[59 58 54 18 57],1,1,1,1
"Soal 4 Pelaku Penyalahgunaan Narkoba yang Dibebaskan Polresta, BNNP Lampung Belum Terima Surat Asesmen","[55, 57, 58, 59, 54]",soal laku penyalahgunaan narkoba bebas polresta bnnp lampung terima surat asesmen badan narkotika nasional provinsi bnnp lampung saat belum terima surat rekomendasi asesmen satresnarkoba bandar lampung inisial ds hn fh rk bila laku duga penyalahgunaan narkotika jenis sabusabu barang bukti bawah gram hanya urine positif tidak pidana laku tim asesmen padu tat hukum tat medis hanya laku rehab rehab rawat jalan polresta bandar lampung aman empat orang penyalahguna narkotika jadi tanggal oktober lanjut ke empat orang sebut serah laku rehabilitasi panti ipwl sebut bebas duga bnnp lampung duga polresta bandar lampung penyalahgunaan narkoba narkoba,Hukum kriminal,"dibebaskan, 4 terduga, bnnp lampung, terduga, polresta bandar lampung, penyalahgunaan narkoba, narkoba","[59, 54, 44, 23, 57]",[59 54 58 44 57],2,1,4,1
"Musnahkan Barang Bukti Narkoba Ratusan Kilogram dan Ribuan Pil Terlarang, Begini Atensi Polda Lampung","[55, 56, 58, 59, 54]",musnah barang bukti narkoba ratus kilogram ribu pil larang begini atensi polda lampung polda lampung jajar gelar konferensi pers ungkap musnah barang bukti bb rs imanuel bandar lampung bb musnah sabusabu ss banyak gram kg ganja gram kg ekstasi butir happy five butir estimasi nilai ekonomis bb rp asumsi kg ganja nila rp kg ss nila rp butir ekstasi nila rp butir happy five nila rp selamat jiwa asumsi gram ganja konsumsi orang gram ss orang butir ekstasi orang butir happy five orang bb akan musnah guna mesin incinerator rs imanuel bandarlampung musnah bb narkoba tuju beri kuat anggota musnah barang bukti polda lampung narkoba,Hukum kriminal,"pemusnahan, barang bukti, polda lampung, narkoba","[54, 55, 59, 56, 29]",[54 56 55 59 29],1,1,1,1
"Heboh Video Penangkapan Pengedar Sabu, Polisi Dihalangi, Dilempar Batu, Sampai Keluarkan Tembakan Peringatan","[55, 56, 57, 59, 54]",heboh video tangkap edar sabu polisi halang lempar batu keluar tembak ingat peristiwa tangkap laku edar gelap narkotika jenis sabu camat menggala tulang bawang heboh pasal tangkap tugas satu reserse narkoba satresnarkoba polres tulang bawang sempat dihalanghalangi hingga lempari batu lihat tugas sempat keluar tembak ingat udara kasus polisi tangkap satu orang laku heri ismail warga kampung bujung tenuk camat menggala tugas kemudian laku gerebek lokasi sebut tugas hasil tangkap satu orang lakilaki duga laku tindak pidana narkotika ini laku tahan mapolres tulang bawang akan kena pasal ayat undangundang republik indonesia nomor tahun narkotika polres tulang bawang edar sabu narkoba,tulang bawang,"polres tulang bawang, pengedar, sabu, narkoba","[55, 59, 23, 56, 47]",[55 59 56 23 50],2,2,4,4
